UID,CHL_LN,CHL_HN
B001,275.037846202582,273.892880820093
B002,265.720457242073,391.463652721081
B003,296.012033663268,434.41721282424
B004,270.422638586402,355.819766179207
B005,331.482147109548,474.168230304434
B006,302.86807792563,358.239444309002
B007,366.091851762043,338.002547540515
B008,211.963116389133,356.770803274222
B009,266.30484820056,399.713309415919
B010,368.845017903678,439.461504768629
B011,418.062864524041,493.479963989732
B012,416.418165687454,424.463683652039
B013,283.742881120688,344.263297984646
B014,288.531381364054,424.948878642148
B016,375.765043371776,415.446289350739
B018,380.297843947374,364.198720607847
B019,347.846872852405,402.210691409681
B021,403.068222032381,436.324339895747
B022,305.8916435999,443.010496728476
B023,267.485215438189,362.069229217894
B024,297.925877540046,412.989356014358
B025,352.205997986275,451.118241693324
B026,335.379431146122,437.113189040979
B027,314.078014360859,455.496464683287
B028,357.783080046961,378.837949993572
B029,330.571755296241,388.540766599324
B030,410.383256414749,381.637873124124
B031,279.434807494183,415.84463272733
B032,321.133519104747,354.072721089635
B033,312.703667308637,332.94204885137
B034,366.179749900104,405.248629631712
B035,272.358278098624,349.749577561714
B036,284.318287193518,340.892659450676
B037,288.405667815721,347.639672878677
B038,318.03053555593,393.8973090163
B039,310.095011930321,393.261703463552
B040,343.924327031311,418.751187504931
B041,360.650975155383,366.586731709124
B042,276.526827912038,346.151120723095
B043,347.133864751546,316.92751641897
B044,383.064042462446,464.677271387747
B045,276.427316324378,367.9840351425
B046,367.944478634822,414.389578683427
B047,274.048453602076,431.107107578546
B048,360.074444909764,307.959170673011
B049,299.874844485607,328.288157261038
B050,346.267108056564,428.52582994483
B051,410.240706537562,480.397858281794
B052,398.50000000001,389.789565334586
B053,350.435081950554,402.284771510516
B054,329.642294301892,373.031337986546
B055,286.011481903564,352.885354945586
B056,487.922531600798,521.925997395971
B057,304.879727424355,413.702147644114
B058,304.508894591672,281.595487085173
B059,327.050319632826,394.705128001404
B060,395.838566761834,439.814290743665
B061,340.26662936933,433.741262515768
B062,368.82516184306,526.069298874874
B064,295.003883137278,451.494195631572
B065,342.359166377425,430.63098394726
B066,367.87883610398,419.757307098762
B067,374.468755612194,432.667399660342
B068,295.835840466869,405.299399310754
B071,409.595045781046,495.854682901161
B072,332.285608108058,328.604895224166
B073,379.064814509851,434.50007888622
B074,366.64817252407,437.9815262576
B075,383.895477399172,475.265513447063
B076,390.884720606541,484.111187552846
B077,335.891219393808,411.429107196587
B078,326.056819012795,442.833524969168
B079,315.82790724162,410.854818604849
B080,393.719742915974,438.055672860888
B081,303.353605664878,402.418604134556
B082,280.909501972765,435.558937101071
B083,311.828166206665,394.900867066485
B085,384.03730379014,455.138778152349
B086,357.581609130162,420.361091091788
B087,428.666030227373,432.086291973976
B090,371.459512224463,394.926176814821
B091,294.747562561156,372.009647982515
B092,417.097618449501,424.490375626826
B093,380.319041160832,544.625150760218
B094,379.814880747234,530.849979271133
B095,296.825457235295,516.177882086179
B096,413.598442243178,456.149339011075
B097,369.303071179886,520.841708471666
B098,400.140388011261,510.469166911523
B099,478.958653525923,515.866998068762
B100,456.547415327499,493.353450941237
B102,299.051981206164,323.958220227286
B103,268.659189288608,370.630437839928
B104,328.783570955217,429.296635163179
B105,296.529004124683,360.846049468291
B107,316.895203095835,420.242970664983
B109,351.632117434325,456.929832604732
B110,363.387326061983,435.884253845854
B111,270.675527935064,396.060836335915
B112,340.664111091767,453.3266559193
B113,390.589047524609,385.330822610632
B114,417.047351399787,502.042041704474
B115,253.583851417089,293.223397538532
B117,336.277902764665,377.309850135992
B118,294.43164712127,405.67563371612
B119,287.643873849582,313.854435427011
B120,376.102618960287,264.870410464871
B121,324.21737980557,343.703334321686
B288,324.21737980557,343.703334321686
B122,315.995255163638,304.712923536814
B123,302.159714513982,443.860356461113
B124,297.04757359017,487.616606560548
B125,304.264636944563,391.784389854975
B128,263.821143912843,407.723060078175
B130,258.132351103848,405.101336366685
B131,318.49287661072,392.857788214719
B132,320.537313903879,404.398681640789
B134,308.269544745261,435.978847352194
B136,323.04048587957,378.897217979201
B137,336.495720018161,401.833252772392
B138,328.720841095783,398.354982570668
B139,268.893808489268,352.432667165278
B140,371.649610097178,333.418053827356
B142,341.168530662974,363.459944814239
B143,302.624933788299,368.155634301309
B144,278.940826256165,347.492512774689
B145,313.159206865367,384.469812930308
B146,344.230689986542,328.20976698389
B147,326.326058721438,445.664368912865
B148,364.793007822624,438.947130857091
B149,323.61970388045,339.743082764985
B150,360.71754666795,394.287344062884
B151,317.086680461795,367.548665231265
B152,331.884170991987,436.754181703065
B153,352.863816301667,421.593395420608
B154,324.151620161374,482.04916398207
B155,252.002610647028,316.947326808534
B160,385.114782346871,482.425395767193
B161,351.832778198803,430.778013623192
B162,328.205576220979,388.793675974807
B163,303.954603674402,405.184955521783
B165,280.769081240484,390.819799410657
B169,350.074748348346,412.646472295483
B170,372.665587545568,467.386742515711
B171,304.924659506203,449.17767503059
B173,380.503079065573,455.921631787231
B175,276.995458116272,359.220620360204
B176,239.611891345947,339.403072513559
B177,313.380617349714,439.191941178111
B180,351.533182165641,347.803878489344
B181,390.374252708142,429.458203886561
B182,336.775195516484,477.228258510813
B183,403.585062589989,407.803296639699
B185,299.481550165984,368.164361422172
B186,326.666054484281,352.188884411323
B187,326.914374028549,339.430435518616
B188,280.802870720975,408.170291989801
B189,347.875025509088,427.618408752902
B190,252.41518852809,383.79118377212
B191,331.255162165291,359.75163061372
B194,278.936442353488,331.400458204723
B195,356.290498860854,376.286839684815
B197,341.98043608824,387.425797853397
B198,322.374101459557,382.274895587343
B201,398.385533872179,488.508597186124
B202,438.732779855058,431.68396041259
B204,311.110108450145,323.41627408291
B205,292.012671928055,331.502496958702
B206,393.449787049186,437.619954198831
B207,337.119601374551,375.51695158025
B209,298.058557433808,436.617157701836
B210,322.744665537932,387.619384732461
B211,354.381349090818,385.119965777158
B212,287.964431393437,345.373827164308
B214,289.584378384865,377.852141908047
B215,284.148269631095,454.569427472041
B225,303.169653586592,435.257282683841
B226,396.278264479103,460.098420369032
B231,360.845943585057,356.25612047284
B236,280.432063690054,380.427245858202
B238,331.904295921985,371.555665182657
B239,289.400050186953,414.592150876872
B243,344.862896202628,351.169219613424
B246,399.303932001216,376.184840269461
B247,383.02978040007,496.52612605284
B248,333.112146869374,443.559723427318
B251,298.588337020673,313.698828807704
B252,231.871899030444,320.122496113428
B254,325.047233520971,410.954720065467
B257,309.452130307967,340.692168286609
B259,311.413278857315,453.305902582523
B261,322.033534888521,384.719911410485
B262,353.9894959685,478.574009717448
B265,393.53997234197,376.021969973857
B267,372.465381527634,478.155391399537
B268,316.263066839634,328.988329952803
B273,304.279198534051,494.276845674044
B274,318.007863312179,399.720048704973
B276,320.973394413171,345.178430520281
B277,315.161135350913,434.672790957801
B280,325.34600769676,382.2005168581
B283,348.110549630992,436.002074196391
B287,340.373261874773,525.603214452283
B292,298.506373776552,363.227978200215
B297,292.855594451268,360.011012546354
B298,327.716067522932,455.147393217582
B299,382.449558745435,402.83917313156
B300,376.268177499022,460.557972254847
B302,265.620750070194,301.950152474347
B303,351.383727085046,380.769748573449
B304,348.00994556389,337.40646522894
B305,306.614464531215,453.822415914589
B306,337.627633174187,379.071566546431
B307,251.775295484474,295.068310232563
B308,327.430682394572,426.152967005697
B309,346.646374315607,404.214688081611
B310,290.264171962745,346.566610583715
B311,304.546795869214,376.160336990417
B312,262.793498501072,297.593750281953
B313,345.971464637719,331.401548983458
B314,257.011544739894,296.901227853485
B315,316.19185734263,352.530466569378
